label,runtime,energy
LU_64_2.0GHz,326.51,58165.228653
LU_64_turbo,284.94,67830.989213