name,m
pDram_sse_fma_64_1.50GHz,131.732222
pL3_avx2_mul_64_2.0GHz,225.47701375