name,m
pDram_sse_fma_64_2.0GHz,143.203797
pL3_avx2_mul_64_2.0GHz,225.47701375