label,runtime,energy
SP_64_2.0GHz,29.06,4930.315587
SP_128_2.0GHz,46.02,7656.925970
SP_64_turbo,28.51,6702.419073
SP_128_turbo,45.39,11021.151694
SP_64_1.70GHz,29.80,4712.462687
SP_64_1.50GHz,29.71,4501.248344