label,runtime,energy
FT_64_turbo,107.57,24781.3732
FT_128_turbo,93.63,21800.9522
FT_128_2.0GHz,98.79,20242.5460
FT_64_2.0GHz,122.77,22569.357415
FT_128_1.70GHz,110.99,19948.251448
FT_128_1.50GHz,121.65,19836.973100