label,runtime,energy
EP_128_turbo,44.73,10257.9993
EP_64_turbo,
EP_64_2.0GHz,119.13,13619.345256
EP_128_2.0GHz,67.98,8830.647650