label,runtime,energy
BT_64_2.0GHz,489.69,82758.457173
BT_64_turbo,431.35,100039.770750
BT_64_1.70GHz,545.15,78517.325366
BT_64_1.50GHz,588.53,77667.132715
BT_128_2.00GHz,492.30,89836.478617
BT_128_turbo,450.89,108004.453647