label,runtime,energy
EP_128_turbo,44.73,10257.9993
EP_64_turbo,76.80,14818.927934
EP_64_2.0GHz,119.13,13619.345256
EP_128_2.0GHz,67.98,8830.647650
EP_64_1.7GHz,140.34,14230.996669
EP_64_1.5GHz,159.98,15149.703797