label,runtime,energy
LU_64_2.0GHz,326.51,58165.228653
LU_64_turbo,284.94,67830.989213
LU_64_1.70GHz,361.69,55322.732799
LU_64_1.50GHz,392.84,54633.398528
LU_128_2.0GHz,336.58,63745.607607
LU_128_2.0GHz_turbo,303.50,73443.755317