name,m
pL1_sse_fma_64_2.0GHz,107.9255240
pL3_avx2_add_128_turbo,245.366339