name,m
pDRAM_adaptive_64_2.0GHz,150.835374947
pL3_adaptive_64_2.0GHz,225.970027103