name,m
pL1_sse_fma_64_2.0GHz,107.9255240
pL1_avx2_mul_64_2.0GHz,237.311258