name,m
pL1_scalar_fma_64_2.0GHz,113.143444289
pL1_avx2_fma_64_2.0GHz,242.6504249